{
    "kpi": {
        "total_bikes": 436774,
        "total_days": 984,
        "avg_daily": 443
    },
    "monthly": {
        "labels": [
            "2023-01",
            "2023-02",
            "2023-03",
            "2023-04",
            "2023-05",
            "2023-06",
            "2023-07",
            "2023-08",
            "2023-09",
            "2023-10",
            "2023-11",
            "2023-12",
            "2024-01",
            "2024-02",
            "2024-03",
            "2024-04",
            "2024-05",
            "2024-06",
            "2024-07",
            "2024-08",
            "2024-09",
            "2024-10",
            "2024-11",
            "2024-12",
            "2025-01",
            "2025-02",
            "2025-03",
            "2025-04",
            "2025-05",
            "2025-06",
            "2025-07",
            "2025-08",
            "2025-09",
            "2025-10",
            "2025-11"
        ],
        "data": [
            18896,
            11759,
            12302,
            11261,
            13265,
            23536,
            1216,
            5896,
            17294,
            13469,
            10759,
            9984,
            18910,
            15098,
            19701,
            14545,
            11521,
            8996,
            18098,
            9740,
            2299,
            8082,
            7063,
            11481,
            8945,
            8803,
            21896,
            16151,
            17684,
            16145,
            8992,
            7886,
            24752,
            8391,
            1958
        ]
    },
    "weekly": {
        "labels": [
            "Lundi",
            "Mardi",
            "Mercredi",
            "Jeudi",
            "Vendredi",
            "Samedi",
            "Dimanche"
        ],
        "data": [
            18.156756756756756,
            21.06469798657718,
            19.87715053763441,
            19.973300970873787,
            17.19082519001086,
            11.48279569892473,
            9.905690622495325
        ]
    },
    "weather": {
        "labels": [
            "Temps Sec",
            "Pluie"
        ],
        "data": [
            17.3,
            12.9
        ]
    }
}